Enero,Febrero,Marzo,Abril,Mayo,Junio,Julio,Agosto,Septiembre,Octubre,Noviembre,Diciembre
18.389103771287807,,22.946120008568684,,71.0811652599028,,10.389003519032991,27.657970050009183,,36.91188390431994,,74.79975936857684
