Enero,Febrero,Marzo,Abril,Mayo,Junio,Julio,Agosto,Septiembre,Octubre,Noviembre,Diciembre
21.803465888041764,,72.57596852712672,,35.844579540297985,,22.730666999508998,72.25909521591176,,40.95943429787676,,38.925220625841476
