Enero,Febrero,Marzo,Abril,Mayo,Junio,Julio,Agosto,Septiembre,Octubre,Noviembre,Diciembre
44.585817129493485,,11.361906736685047,,51.880716374025226,,66.43555599201402,86.50190930971708,,3.8331958867782734,,8.608880171966815
