Enero,Febrero,Marzo,Abril,Mayo,Junio,Julio,Agosto,Septiembre,Octubre,Noviembre,Diciembre
96.4740054260375,,70.04709037847663,,49.133247343362996,,34.49383296407479,23.123786292995874,,44.81433002599906,,19.15506216674734
