Enero,Febrero,Marzo,Abril,Mayo,Junio,Julio,Agosto,Septiembre,Octubre,Noviembre,Diciembre
18.75172682635623,,82.633678259247,,75.90917388694632,,61.85691708197465,85.55959409677654,,46.161542465748006,,25.746247421145885
